Matchup,Battles,Winrate
Colossus/VoidRay vs Mutalisk/SwarmHostBurrowed,1,0.0
Baneling/Ultralisk vs Stalker/VoidRay,1,0.0
Adept/VoidRay vs Carrier/Ravager,1,0.0
Carrier/Liberator vs Oracle/Raven,1,0.0
Baneling/Reaper vs Mutalisk/Phoenix,1,0.0
Archon/Ultralisk vs Oracle/SiegeTankSieged,1,0.0
Banshee/Ghost vs Ravager/Ultralisk,1,0.0
Banshee/VoidRay vs Tempest/Zergling,1,0.0
Archon/Lurker vs Raven/Ultralisk,1,0.0
Marine/Roach vs Oracle/SwarmHostBurrowed,1,0.0
Adept/Liberator vs Carrier/Zealot,1,0.0
Banshee/Battlecruiser vs Cyclone/VoidRay,1,0.0
BattleHellion/VoidRay vs Hellion/ThorAP,1,0.0
Carrier/Zealot vs Ghost/Queen,1,0.0
Archon/Oracle vs Battlecruiser/WidowMineBurrowed,1,0.0
Corruptor/HighTemplar vs Mothership/Thor,1,0.0
Carrier/SiegeTankSieged vs Stalker/Zergling,1,0.0
Adept/Roach vs BattleHellion/Colossus,1,0.0
DarkTemplar/Hellion vs Raven/Stalker,1,0.0
Battlecruiser/Stalker vs Immortal/Raven,1,0.0
Baneling/BroodLord vs HighTemplar/Ravager,1,0.0
BattleHellion/Marauder vs Battlecruiser/Queen,1,0.0
HighTemplar/VoidRay vs Tempest/Zealot,1,0.0
Carrier/Infestor vs Ghost/Medivac,1,0.0
Carrier/Phoenix vs Lurker/Raven,1,0.0
Colossus/DarkTemplar vs Corruptor/Oracle,1,0.0
Queen/Tempest vs ThorAP/VikingAssault,1,0.0
Battlecruiser/Liberator vs Carrier/Stalker,1,0.0
Battlecruiser/Zergling vs Infestor/Tempest,1,0.0
Carrier/Zergling vs Immortal/VoidRay,1,0.0
Banshee/HighTemplar vs Battlecruiser/DarkTemplar,1,0.0
Baneling/WidowMine vs Hydralisk/Reaper,1,0.0
Banshee/Raven vs Immortal/Phoenix,1,0.0
Adept/HighTemplar vs BroodLord/DarkTemplar,1,0.0
Archon/Ravager vs Baneling/Raven,1,0.0
Ghost/Hellion vs Lurker/Roach,1,0.0
Archon/Stalker vs Battlecruiser/Tempest,1,0.0
Adept/SwarmHostBurrowed vs BroodLord/Ultralisk,1,0.0
Battlecruiser/SiegeTank vs BroodLord/VoidRay,1,0.0
Banshee/Stalker vs Battlecruiser/VoidRay,1,0.0
Marine/Mothership vs Medivac/Queen,1,0.0
Carrier/Cyclone vs Ghost/Tempest,1,0.0
HighTemplar/Mutalisk vs Oracle/Raven,1,0.0
Corruptor/Reaper vs Phoenix/Raven,1,0.0
Baneling/HighTemplar vs Colossus/DarkTemplar,1,0.0
Baneling/Mutalisk vs Battlecruiser/HighTemplar,1,0.0
Banshee/Immortal vs Raven/Thor,1,0.0
Archon/Hellion vs Banshee/BroodLord,1,0.0
Carrier/Corruptor vs DarkTemplar/Liberator,1,0.0
Carrier/VoidRay vs Phoenix/Ravager,1,0.0
Archon/Liberator vs Mutalisk/Tempest,1,0.0
Archon/Cyclone vs Baneling/Queen,1,0.0
Archon/Raven vs Carrier/WidowMineBurrowed,1,0.0
Adept/Battlecruiser vs Corruptor/Oracle,1,0.0
Battlecruiser/Stalker vs Ravager/Zergling,1,0.0
DarkTemplar/SiegeTank vs Ghost/Raven,1,0.0
Marine/Roach vs Raven/VikingAssault,1,0.0
LurkerBurrowed/Mutalisk vs Queen/Ravager,1,0.0
BroodLord/SiegeTankSieged vs Roach/VikingAssault,1,0.0
Colossus/Mutalisk vs Phoenix/Raven,1,0.0
Adept/HighTemplar vs Queen/SwarmHostBurrowed,1,0.0
Adept/Oracle vs Tempest/Zergling,1,0.0
BattleHellion/VikingAssault vs Hydralisk/Roach,1,0.0
DarkTemplar/Ghost vs Phoenix/Raven,1,0.0
BroodLord/VoidRay vs Phoenix/Tempest,1,0.0
BattleHellion/VoidRay vs Battlecruiser/Liberator,1,0.0
Archon/Ghost vs Marine/Reaper,1,0.0
Battlecruiser/BroodLord vs Phoenix/Raven,1,0.0
Adept/Corruptor vs Immortal/Ravager,1,0.0
BattleHellion/ThorAP vs Battlecruiser/HighTemplar,1,0.0
Archon/Roach vs Carrier/SiegeTankSieged,1,0.0
Cyclone/Marine vs Mutalisk/Phoenix,1,0.0
Cyclone/Marauder vs Raven/ThorAP,1,0.0
Battlecruiser/VikingAssault vs HighTemplar/Hydralisk,1,0.0
Corruptor/ThorAP vs Hydralisk/Infestor,1,0.0
BroodLord/Roach vs Colossus/Mutalisk,1,0.0
HighTemplar/Reaper vs Ultralisk/VoidRay,1,0.0
Battlecruiser/Immortal vs Hydralisk/Tempest,1,0.0
Carrier/WidowMineBurrowed vs Cyclone/Ghost,1,0.0
Carrier/SwarmHostBurrowed vs Corruptor/VoidRay,1,0.0
Hydralisk/Tempest vs Mutalisk/Queen,1,0.0
Cyclone/Hydralisk vs Marine/Stalker,1,0.0
BroodLord/Mothership vs Tempest/ThorAP,1,0.0
Archon/VikingAssault vs Ravager/ThorAP,1,0.0
Colossus/Stalker vs Corruptor/DarkTemplar,1,0.0
Adept/Baneling vs Battlecruiser/Mutalisk,1,0.0
Colossus/Ghost vs Phoenix/ThorAP,1,0.0
Banshee/Thor vs Mutalisk/Oracle,1,0.0
Banshee/Colossus vs Corruptor/Tempest,1,0.0
Baneling/Hydralisk vs BattleHellion/HighTemplar,1,0.0
Infestor/Roach vs Ravager/Tempest,1,0.0
Corruptor/Cyclone vs Ghost/Roach,1,0.0
Immortal/Mutalisk vs Marine/Tempest,1,0.0
Cyclone/Ultralisk vs Ghost/Raven,1,0.0
Hydralisk/Queen vs LiberatorAG/Stalker,1,0.0
Marauder/Mothership vs Queen/SwarmHostBurrowed,1,0.0
Adept/BroodLord vs Mutalisk/Roach,1,0.0
Adept/Marauder vs Banshee/HighTemplar,1,0.0
Carrier/Ravager vs HighTemplar/Raven,1,0.0
Colossus/SwarmHostBurrowed vs Stalker/Ultralisk,1,0.0
Corruptor/VoidRay vs Liberator/Marine,1,0.0
Baneling/Colossus vs VikingAssault/VoidRay,1,0.0
Archon/BroodLord vs DarkTemplar/Tempest,1,0.0
Baneling/Banshee vs Colossus/Corruptor,1,0.0
Marauder/Queen vs Marine/Oracle,1,0.0
Battlecruiser/BroodLord vs Corruptor/Queen,1,0.0
Battlecruiser/SiegeTankSieged vs Tempest/Zergling,1,0.0
Battlecruiser/Immortal vs Mutalisk/Stalker,1,0.0
Carrier/Zergling vs Queen/SiegeTank,1,0.0
Banshee/VoidRay vs HighTemplar/Raven,1,0.0
Marauder/Tempest vs Phoenix/VikingAssault,1,0.0
BroodLord/Infestor vs Marine/Phoenix,1,0.0
Banshee/Zealot vs Battlecruiser/Queen,1,0.0
HighTemplar/Marine vs Marauder/Raven,1,0.0
Hydralisk/VoidRay vs Phoenix/Raven,1,0.0
Marine/VoidRay vs Phoenix/Raven,1,0.0
Battlecruiser/Tempest vs Hydralisk/Infestor,1,0.0
Colossus/SwarmHostBurrowed vs Oracle/Zealot,1,0.0
Colossus/Stalker vs Cyclone/Ultralisk,1,0.0
BattleHellion/Mothership vs Hydralisk/Oracle,1,0.0
Battlecruiser/Hydralisk vs Marauder/Raven,1,0.0
Carrier/SwarmHostBurrowed vs Cyclone/Reaper,1,0.0
Banshee/Mothership vs Phoenix/Ravager,1,0.0
Battlecruiser/Liberator vs Raven/SwarmHostBurrowed,1,0.0
Colossus/SiegeTankSieged vs VikingAssault/Zergling,1,0.0
Battlecruiser/SiegeTank vs Ghost/Raven,1,0.0
Banshee/Zealot vs Carrier/Reaper,1,0.0
BattleHellion/Medivac vs Battlecruiser/Infestor,1,0.0
Baneling/Oracle vs Mutalisk/Ravager,1,0.0
Oracle/Tempest vs Queen/VoidRay,1,0.0
Ghost/Queen vs Marine/Roach,1,0.0
Adept/Stalker vs Baneling/WidowMine,1,0.0
BroodLord/VoidRay vs Raven/Tempest,1,0.0
Immortal/VoidRay vs Queen/Raven,1,0.0
BattleHellion/Stalker vs DarkTemplar/VikingAssault,1,0.0
Oracle/Zergling vs Raven/Reaper,1,0.0
DarkTemplar/Marine vs Oracle/Raven,1,0.0
Banshee/Liberator vs Hydralisk/VoidRay,1,0.0
BattleHellion/LurkerBurrowed vs Immortal/Roach,1,0.0
Ghost/VikingAssault vs Immortal/ThorAP,1,0.0
Battlecruiser/Viking vs Raven/Zealot,1,0.0
Adept/Colossus vs Cyclone/Raven,1,0.0
Adept/Ultralisk vs Lurker/Ravager,1,0.0
Carrier/LurkerBurrowed vs Infestor/ThorAP,1,0.0
Archon/Carrier vs Colossus/Stalker,1,0.0
HighTemplar/Zergling vs Reaper/WidowMine,1,0.0
Battlecruiser/Infestor vs Ghost/Raven,1,0.0
Hydralisk/VikingAssault vs Ravager/Roach,1,0.0
Banshee/Zergling vs Colossus/HighTemplar,1,0.0
Immortal/Phoenix vs Marauder/Queen,1,0.0
Banshee/Immortal vs Ghost/Mothership,1,0.0
Banshee/Stalker vs Hydralisk/Raven,1,0.0
Archon/Stalker vs Banshee/DarkTemplar,1,0.0
Hellion/Viking vs Tempest/Thor,1,0.0
Mothership/Tempest vs Ravager/Raven,1,0.0
Archon/Zealot vs Ghost/SiegeTank,1,0.0
Battlecruiser/SiegeTankSieged vs Immortal/ThorAP,1,0.0
Colossus/Lurker vs Oracle/Raven,1,0.0
HighTemplar/Mutalisk vs Lurker/Thor,1,0.0
Colossus/Roach vs Liberator/LurkerBurrowed,1,0.0
BattleHellion/HighTemplar vs Immortal/Mothership,1,0.0
Carrier/Phoenix vs Ghost/Stalker,1,0.0
Corruptor/SwarmHostBurrowed vs HighTemplar/Ravager,1,0.0
BroodLord/Colossus vs LurkerBurrowed/Mutalisk,1,0.0
Cyclone/Thor vs DarkTemplar/LiberatorAG,1,0.0
Adept/Stalker vs Battlecruiser/BroodLord,1,0.0
Colossus/Roach vs Infestor/VoidRay,1,0.0
Hellion/Tempest vs Mutalisk/VoidRay,1,0.0
DarkTemplar/Marauder vs Marine/Oracle,1,0.0
Adept/SwarmHostBurrowed vs Archon/VikingAssault,1,0.0
Adept/Corruptor vs Cyclone/Marine,1,0.0
Banshee/Marauder vs Corruptor/Ghost,1,0.0
Ghost/Hydralisk vs Mutalisk/Ultralisk,1,0.0
Archon/Raven vs HighTemplar/Tempest,1,0.0
Adept/HighTemplar vs BroodLord/Ultralisk,1,0.0
Baneling/Colossus vs BattleHellion/Carrier,1,0.0
Adept/Ravager vs DarkTemplar/Zergling,1,0.0
Adept/Infestor vs BroodLord/Carrier,1,0.0
Colossus/Queen vs DarkTemplar/Tempest,1,0.0
LurkerBurrowed/Mutalisk vs Raven/Stalker,1,0.0
DarkTemplar/LurkerBurrowed vs Ghost/Immortal,1,0.0
Raven/Viking vs SiegeTank/Tempest,1,0.0
Banshee/Tempest vs Corruptor/Liberator,1,0.0
BattleHellion/VoidRay vs HighTemplar/Phoenix,1,0.0
Corruptor/Mothership vs HighTemplar/VoidRay,1,0.0
BattleHellion/Ravager vs DarkTemplar/Oracle,1,0.0
BroodLord/Ravager vs Infestor/Raven,1,0.0
Archon/VoidRay vs HighTemplar/Ravager,1,0.0
LiberatorAG/Ravager vs Marine/Oracle,1,0.0
Archon/Colossus vs Queen/ThorAP,1,0.0
Colossus/HighTemplar vs LiberatorAG/Ultralisk,1,0.0
Battlecruiser/ThorAP vs Cyclone/Infestor,1,0.0
BattleHellion/Viking vs Carrier/Phoenix,1,0.0
Adept/Battlecruiser vs BattleHellion/ThorAP,1,0.0
Baneling/BroodLord vs Immortal/Phoenix,1,0.0
Archon/BroodLord vs Roach/ThorAP,1,0.0
Battlecruiser/DarkTemplar vs Corruptor/SwarmHostBurrowed,1,0.5
DarkTemplar/Marauder vs Infestor/Tempest,1,0.5
Adept/Baneling vs Corruptor/Tempest,1,0.5
BroodLord/Corruptor vs Queen/Ravager,1,0.5
BroodLord/Phoenix vs Marauder/Tempest,1,0.5
Adept/Phoenix vs Cyclone/DarkTemplar,1,0.5
Ravager/Tempest vs Stalker/Viking,1,0.5
Colossus/Roach vs LiberatorAG/Marine,1,0.5
DarkTemplar/SwarmHostBurrowed vs Hellion/Liberator,1,0.5
BroodLord/Roach vs Infestor/Marauder,1,0.5
DarkTemplar/Hellion vs Mothership/Raven,1,0.5
Tempest/VoidRay vs Thor/Zergling,1,0.5
BattleHellion/DarkTemplar vs Battlecruiser/Phoenix,1,0.5
Carrier/Queen vs SwarmHostBurrowed/Zergling,1,0.5
Adept/Carrier vs BroodLord/ThorAP,1,0.5
DarkTemplar/Tempest vs HighTemplar/Queen,1,0.5
Carrier/HighTemplar vs Stalker/Ultralisk,1,0.5
Adept/DarkTemplar vs Banshee/Immortal,1,0.5
DarkTemplar/Marauder vs SwarmHostBurrowed/Tempest,1,0.5
Archon/Corruptor vs DarkTemplar/Ravager,1,0.5
Carrier/Zealot vs DarkTemplar/VoidRay,1,0.5
BroodLord/Oracle vs Corruptor/Stalker,1,0.5
Battlecruiser/HighTemplar vs DarkTemplar/VoidRay,1,0.5
DarkTemplar/Phoenix vs Stalker/Viking,1,0.5
Battlecruiser/Cyclone vs Mothership/Ultralisk,1,0.5
Battlecruiser/Queen vs Infestor/Oracle,1,0.5
Hellion/Ultralisk vs HighTemplar/Raven,1,0.5
DarkTemplar/Zealot vs Roach/ThorAP,1,0.5
Archon/Corruptor vs Banshee/Immortal,1,0.5
BroodLord/DarkTemplar vs Mutalisk/VoidRay,1,0.5
BattleHellion/BroodLord vs Mothership/Reaper,1,0.5
Marauder/Stalker vs Marine/Phoenix,1,0.5
Battlecruiser/WidowMineBurrowed vs DarkTemplar/SwarmHostBurrowed,1,0.5
Battlecruiser/Cyclone vs DarkTemplar/HighTemplar,1,0.5
BroodLord/DarkTemplar vs Carrier/VoidRay,1,0.5
Baneling/Immortal vs Corruptor/Marauder,1,0.5
BroodLord/DarkTemplar vs HighTemplar/Viking,1,0.5
DarkTemplar/Viking vs Phoenix/VoidRay,1,0.5
Carrier/Queen vs DarkTemplar/Mothership,1,0.5
Baneling/Ghost vs LiberatorAG/ThorAP,1,0.5
Battlecruiser/Carrier vs Hydralisk/Ultralisk,1,0.5
Corruptor/SiegeTankSieged vs Lurker/Ultralisk,1,0.5
BattleHellion/Battlecruiser vs Lurker/Ravager,1,0.5
BroodLord/DarkTemplar vs Immortal/Tempest,1,0.5
Battlecruiser/Queen vs DarkTemplar/Marine,1,0.5
DarkTemplar/Mutalisk vs LurkerBurrowed/Viking,1,0.5
BroodLord/Lurker vs Oracle/Zergling,1,0.5
Corruptor/Hellion vs Mothership/Zealot,1,0.5
Corruptor/DarkTemplar vs Roach/VoidRay,1,0.5
Battlecruiser/BroodLord vs Oracle/Zergling,1,0.5
Raven/SwarmHostBurrowed vs Reaper/Tempest,1,0.5
Battlecruiser/Liberator vs DarkTemplar/Raven,1,0.5
Banshee/DarkTemplar vs Carrier/Infestor,1,0.5
BattleHellion/Carrier vs Marauder/Mutalisk,1,0.5
DarkTemplar/Phoenix vs Ravager/Tempest,1,0.5
Adept/Raven vs Immortal/Roach,1,0.5
Baneling/Zergling vs SiegeTankSieged/Tempest,1,0.5
BroodLord/Corruptor vs Mutalisk/Stalker,1,0.5
Adept/Carrier vs Banshee/DarkTemplar,1,0.5
BattleHellion/Corruptor vs Marauder/Reaper,1,0.5
Adept/DarkTemplar vs Corruptor/SiegeTankSieged,1,0.5
Carrier/Mutalisk vs Lurker/Raven,1,0.5
Infestor/Ultralisk vs LiberatorAG/Tempest,1,0.5
Lurker/Stalker vs Phoenix/Zergling,1,0.5
Archon/Oracle vs BroodLord/ThorAP,1,0.5
DarkTemplar/VikingAssault vs SwarmHostBurrowed/ThorAP,1,0.5
Ghost/Medivac vs Hellion/SiegeTank,1,0.5
Ghost/Hellion vs Raven/Reaper,1,0.5
DarkTemplar/Queen vs Marine/Raven,1,0.5
Colossus/DarkTemplar vs Mutalisk/VoidRay,1,0.5
BroodLord/Ghost vs Roach/SiegeTank,1,0.5
DarkTemplar/Tempest vs Marauder/Mutalisk,1,0.5
Queen/VoidRay vs SwarmHostBurrowed/WidowMineBurrowed,1,0.5
Infestor/ThorAP vs Tempest/Ultralisk,1,0.5
Battlecruiser/BroodLord vs SwarmHostBurrowed/Zergling,1,0.5
Colossus/Immortal vs Corruptor/HighTemplar,1,0.5
Adept/BroodLord vs DarkTemplar/SiegeTank,1,0.5
Adept/Ultralisk vs Colossus/Phoenix,1,0.5
Banshee/Infestor vs Hellion/Oracle,1,0.5
Ghost/HighTemplar vs Queen/Tempest,1,0.5
Battlecruiser/Cyclone vs DarkTemplar/Reaper,1,0.5
Corruptor/Cyclone vs Oracle/WidowMineBurrowed,1,0.5
Mutalisk/VoidRay vs Oracle/Stalker,1,0.5
Banshee/DarkTemplar vs Carrier/Mutalisk,1,0.5
Infestor/SwarmHostBurrowed vs Roach/VikingAssault,1,0.5
BroodLord/Mothership vs SwarmHostBurrowed/Zergling,1,0.5
Battlecruiser/Carrier vs DarkTemplar/Queen,1,0.5
Adept/Tempest vs Corruptor/ThorAP,1,0.5
Banshee/SiegeTankSieged vs BroodLord/Ultralisk,1,0.5
Battlecruiser/Colossus vs Carrier/DarkTemplar,1,0.5
Carrier/LurkerBurrowed vs Immortal/Mutalisk,1,0.5
Battlecruiser/Cyclone vs DarkTemplar/Stalker,1,0.5
Adept/VoidRay vs Oracle/Roach,1,0.5
Baneling/Oracle vs BroodLord/Colossus,1,0.5
Adept/Oracle vs Banshee/ThorAP,1,0.5
DarkTemplar/Roach vs Marine/Mutalisk,1,0.5
Battlecruiser/Marine vs DarkTemplar/Zergling,1,0.5
Carrier/Phoenix vs DarkTemplar/HighTemplar,1,0.5
DarkTemplar/SiegeTankSieged vs Immortal/Mutalisk,1,0.5
BroodLord/DarkTemplar vs Carrier/SiegeTankSieged,1,0.5
Raven/Zealot vs Stalker/SwarmHostBurrowed,1,0.5
BroodLord/SwarmHostBurrowed vs Mothership/Zealot,1,0.5
Archon/Carrier vs DarkTemplar/Hydralisk,1,0.5
Immortal/Phoenix vs Mutalisk/Queen,1,0.5
Carrier/LurkerBurrowed vs DarkTemplar/Infestor,1,0.5
Baneling/Corruptor vs Cyclone/Zealot,1,0.5
DarkTemplar/Phoenix vs Roach/Viking,1,0.5
Baneling/DarkTemplar vs Immortal/Phoenix,1,0.5
Marine/Phoenix vs Viking/Zergling,1,0.5
Battlecruiser/Mutalisk vs HighTemplar/Infestor,1,0.5
Battlecruiser/Infestor vs BroodLord/Corruptor,1,0.5
Banshee/DarkTemplar vs BroodLord/Ultralisk,1,0.5
DarkTemplar/Roach vs Liberator/SwarmHostBurrowed,1,0.5
Corruptor/Queen vs Cyclone/SwarmHostBurrowed,1,0.5
Archon/Queen vs Marine/Stalker,1,0.5
DarkTemplar/LurkerBurrowed vs Infestor/SwarmHostBurrowed,1,0.5
Hellion/ThorAP vs Roach/VikingAssault,1,1.0
Archon/SwarmHostBurrowed vs Ghost/Raven,1,1.0
Carrier/Phoenix vs Tempest/Zergling,1,1.0
Carrier/Thor vs HighTemplar/Phoenix,1,1.0
Corruptor/HighTemplar vs SiegeTankSieged/Tempest,1,1.0
Battlecruiser/ThorAP vs Carrier/Stalker,1,1.0
BroodLord/DarkTemplar vs Cyclone/LurkerBurrowed,1,1.0
HighTemplar/Infestor vs LiberatorAG/Tempest,1,1.0
DarkTemplar/Queen vs Mothership/SiegeTankSieged,1,1.0
DarkTemplar/Immortal vs Queen/Raven,1,1.0
Colossus/Infestor vs Ravager/Tempest,1,1.0
Carrier/Ultralisk vs Immortal/Viking,1,1.0
Carrier/DarkTemplar vs Reaper/Zergling,1,1.0
BroodLord/Liberator vs Mutalisk/Reaper,1,1.0
BroodLord/Roach vs Colossus/HighTemplar,1,1.0
Ghost/Reaper vs Oracle/Zealot,1,1.0
Marauder/Mothership vs Marine/Roach,1,1.0
Carrier/Roach vs HighTemplar/Infestor,1,1.0
Adept/Carrier vs Mothership/SwarmHostBurrowed,1,1.0
HighTemplar/Zergling vs Marine/VoidRay,1,1.0
Banshee/Hellion vs Colossus/Zealot,1,1.0
Carrier/HighTemplar vs Phoenix/Stalker,1,1.0
DarkTemplar/Infestor vs Marauder/SwarmHostBurrowed,1,1.0
Baneling/Roach vs Cyclone/Ravager,1,1.0
Mutalisk/Reaper vs Ravager/Ultralisk,1,1.0
Baneling/Raven vs Stalker/Zergling,1,1.0
Adept/Queen vs Corruptor/Infestor,1,1.0
Banshee/ThorAP vs Roach/Zealot,1,1.0
Battlecruiser/Tempest vs Mothership/Ultralisk,1,1.0
Archon/BroodLord vs Hellion/Phoenix,1,1.0
Adept/Ghost vs Archon/Colossus,1,1.0
Baneling/VoidRay vs Ghost/Queen,1,1.0
Baneling/Battlecruiser vs Immortal/Stalker,1,1.0
Mutalisk/Phoenix vs Oracle/SiegeTank,1,1.0
Corruptor/HighTemplar vs Hydralisk/Thor,1,1.0
BattleHellion/DarkTemplar vs Ghost/Queen,1,1.0
BroodLord/Thor vs Raven/SwarmHostBurrowed,1,1.0
Archon/Ghost vs BroodLord/Marine,1,1.0
Ghost/Hydralisk vs Infestor/Stalker,1,1.0
Carrier/VoidRay vs Phoenix/Roach,1,1.0
Carrier/SwarmHostBurrowed vs Colossus/WidowMineBurrowed,1,1.0
BroodLord/VikingAssault vs Cyclone/Hellion,1,1.0
Ghost/Raven vs Marauder/Mutalisk,1,1.0
Archon/Immortal vs LiberatorAG/Raven,1,1.0
DarkTemplar/SwarmHostBurrowed vs Hydralisk/ThorAP,1,1.0
Carrier/Corruptor vs Colossus/Ravager,1,1.0
Battlecruiser/Raven vs Hellion/Viking,1,1.0
Battlecruiser/DarkTemplar vs ThorAP/Ultralisk,1,1.0
BroodLord/ThorAP vs Cyclone/Stalker,1,1.0
Battlecruiser/Oracle vs HighTemplar/SwarmHostBurrowed,1,1.0
HighTemplar/Queen vs VikingAssault/VoidRay,1,1.0
Archon/Cyclone vs Queen/VoidRay,1,1.0
Ghost/Reaper vs Marine/Tempest,1,1.0
Archon/Infestor vs HighTemplar/LurkerBurrowed,1,1.0
BattleHellion/Raven vs Battlecruiser/Roach,1,1.0
Adept/Cyclone vs WidowMineBurrowed/Zealot,1,1.0
BroodLord/HighTemplar vs DarkTemplar/Stalker,1,1.0
Archon/Immortal vs Infestor/SwarmHostBurrowed,1,1.0
Infestor/Stalker vs Reaper/SwarmHostBurrowed,1,1.0
Colossus/Cyclone vs Hydralisk/SwarmHostBurrowed,1,1.0
DarkTemplar/VoidRay vs Immortal/Mothership,1,1.0
Battlecruiser/Immortal vs Colossus/Infestor,1,1.0
Baneling/Carrier vs Ghost/Mothership,1,1.0
Archon/Reaper vs Hellion/Marine,1,1.0
HighTemplar/Tempest vs Raven/Reaper,1,1.0
DarkTemplar/Queen vs WidowMineBurrowed/Zealot,1,1.0
Carrier/Ghost vs Marine/Phoenix,1,1.0
BroodLord/Liberator vs Ghost/Mutalisk,1,1.0
Immortal/Marine vs LurkerBurrowed/VikingAssault,1,1.0
Carrier/DarkTemplar vs Marine/Mothership,1,1.0
Banshee/DarkTemplar vs Colossus/Ghost,1,1.0
DarkTemplar/Raven vs Queen/VoidRay,1,1.0
Carrier/Cyclone vs Tempest/Viking,1,1.0
Battlecruiser/Infestor vs Corruptor/DarkTemplar,1,1.0
Ghost/Raven vs Immortal/Liberator,1,1.0
Battlecruiser/Reaper vs BroodLord/HighTemplar,1,1.0
Baneling/Lurker vs Hydralisk/VikingAssault,1,1.0
BattleHellion/Phoenix vs Reaper/Zergling,1,1.0
Battlecruiser/Immortal vs LurkerBurrowed/VoidRay,1,1.0
Carrier/Reaper vs Oracle/Tempest,1,1.0
Banshee/Phoenix vs Immortal/Lurker,1,1.0
Cyclone/Mutalisk vs Ghost/Phoenix,1,1.0
Infestor/Zergling vs Raven/VoidRay,1,1.0
Battlecruiser/VoidRay vs Queen/Roach,1,1.0
Carrier/Ravager vs Roach/Tempest,1,1.0
Battlecruiser/Colossus vs Carrier/Ghost,1,1.0
Archon/Ultralisk vs Mothership/Oracle,1,1.0
DarkTemplar/Infestor vs Hellion/Ravager,1,1.0
Adept/VoidRay vs Battlecruiser/Oracle,1,1.0
Banshee/DarkTemplar vs Cyclone/Ultralisk,1,1.0
Marine/Mothership vs Raven/WidowMine,1,1.0
Carrier/Reaper vs SiegeTankSieged/Viking,1,1.0
Carrier/Marine vs Oracle/Tempest,1,1.0
Colossus/Lurker vs Hydralisk/Marine,1,1.0
Archon/Marauder vs Hellion/Zergling,1,1.0
Adept/HighTemplar vs Archon/Corruptor,1,1.0
Cyclone/DarkTemplar vs Mutalisk/WidowMineBurrowed,1,1.0
Adept/Mutalisk vs Phoenix/Stalker,1,1.0
Carrier/Hellion vs Phoenix/SiegeTankSieged,1,1.0
Banshee/Infestor vs Raven/VoidRay,1,1.0
Oracle/Thor vs Stalker/VoidRay,1,1.0
BattleHellion/Oracle vs Colossus/DarkTemplar,1,1.0
Ghost/Oracle vs Queen/Tempest,1,1.0
Battlecruiser/Hydralisk vs Marauder/SwarmHostBurrowed,1,1.0
Cyclone/Marine vs Mothership/ThorAP,1,1.0
Immortal/Stalker vs Marine/VoidRay,1,1.0
Battlecruiser/LurkerBurrowed vs Colossus/Ultralisk,1,1.0
Baneling/Tempest vs Marine/VoidRay,1,1.0
BroodLord/Infestor vs Immortal/Stalker,1,1.0
Battlecruiser/Ultralisk vs Carrier/Hydralisk,1,1.0
Archon/VoidRay vs Oracle/Phoenix,1,1.0
Baneling/VoidRay vs Banshee/DarkTemplar,1,1.0
Infestor/Raven vs ThorAP/Viking,1,1.0
Baneling/Battlecruiser vs Banshee/WidowMineBurrowed,1,1.0
Immortal/Tempest vs Phoenix/Queen,1,1.0
Corruptor/Tempest vs Liberator/Viking,1,1.0
Hydralisk/Queen vs VikingAssault/VoidRay,1,1.0
Banshee/Battlecruiser vs Marine/SiegeTank,1,1.0
BroodLord/Marine vs Corruptor/Infestor,1,1.0
Colossus/Raven vs DarkTemplar/Ultralisk,1,1.0
Carrier/Infestor vs HighTemplar/Ravager,1,1.0
Carrier/LiberatorAG vs Hydralisk/Thor,1,1.0
Baneling/Marauder vs Infestor/VikingAssault,1,1.0
Banshee/Marine vs LiberatorAG/SiegeTankSieged,1,1.0
Adept/LiberatorAG vs Cyclone/Zergling,1,1.0
BattleHellion/Mutalisk vs Marine/WidowMineBurrowed,1,1.0
Archon/HighTemplar vs Carrier/Marauder,1,1.0
DarkTemplar/Marauder vs Immortal/Ultralisk,1,1.0
Archon/Raven vs Corruptor/Zergling,1,1.0
Carrier/Corruptor vs Cyclone/HighTemplar,1,1.0
Battlecruiser/Mutalisk vs Reaper/Thor,1,1.0
Carrier/Marine vs Liberator/Reaper,1,1.0
Archon/Colossus vs Corruptor/Marine,1,1.0
Infestor/Raven vs Reaper/Roach,1,1.0
Carrier/Tempest vs Hydralisk/Stalker,1,1.0
Carrier/DarkTemplar vs HighTemplar/Roach,1,1.0
Battlecruiser/SiegeTank vs BroodLord/Phoenix,1,1.0
Battlecruiser/Ghost vs DarkTemplar/VoidRay,1,1.0
Archon/Ultralisk vs Tempest/ThorAP,1,1.0
BroodLord/Carrier vs Colossus/Raven,1,1.0
Archon/VoidRay vs Banshee/Immortal,1,1.0
Battlecruiser/Corruptor vs Liberator/Phoenix,1,1.0
Carrier/Ravager vs DarkTemplar/LurkerBurrowed,1,1.0
Colossus/Oracle vs Reaper/Zergling,1,1.0
Hellion/Infestor vs SiegeTankSieged/Stalker,1,1.0
Battlecruiser/VikingAssault vs HighTemplar/Ultralisk,1,1.0
Banshee/Liberator vs Colossus/Cyclone,1,1.0
Baneling/Roach vs SiegeTankSieged/ThorAP,1,1.0
DarkTemplar/Stalker vs HighTemplar/Ravager,1,1.0
Archon/Immortal vs Baneling/Stalker,1,1.0
Ghost/Thor vs Infestor/Raven,1,1.0
Colossus/Oracle vs Hydralisk/Thor,1,1.0
Battlecruiser/Hydralisk vs Colossus/Viking,1,1.0
BroodLord/Immortal vs HighTemplar/ThorAP,1,1.0
Ghost/Marine vs HighTemplar/Infestor,1,1.0
Archon/Ultralisk vs Marauder/Ravager,1,1.0
Carrier/Zergling vs Hydralisk/SwarmHostBurrowed,1,1.0
Cyclone/Liberator vs Marauder/SiegeTank,1,1.0
BroodLord/Oracle vs SiegeTank/Thor,1,1.0
Liberator/Mutalisk vs Raven/Zealot,1,1.0
Archon/DarkTemplar vs Hellion/WidowMineBurrowed,1,1.0
Colossus/Raven vs DarkTemplar/Oracle,1,1.0
Cyclone/Queen vs LiberatorAG/Zealot,1,1.0
Adept/Ravager vs BattleHellion/Stalker,1,1.0
Ghost/Hellion vs Immortal/LiberatorAG,1,1.0
Battlecruiser/LurkerBurrowed vs Ghost/SwarmHostBurrowed,1,1.0
Adept/Carrier vs Liberator/Stalker,1,1.0
Colossus/Marine vs Hellion/Infestor,1,1.0
Liberator/Ravager vs Ultralisk/Zealot,1,1.0
Hellion/Immortal vs SwarmHostBurrowed/Zergling,1,1.0
Carrier/DarkTemplar vs Colossus/Marine,1,1.0
Battlecruiser/Mothership vs HighTemplar/Immortal,1,1.0
Carrier/Raven vs HighTemplar/Roach,1,1.0
Adept/Queen vs Hellion/Reaper,1,1.0
Baneling/Liberator vs Infestor/Reaper,1,1.0
Carrier/DarkTemplar vs HighTemplar/Reaper,1,1.0
Colossus/Hellion vs Roach/ThorAP,1,1.0
Archon/VikingAssault vs Battlecruiser/Ravager,1,1.0
Archon/Marine vs SwarmHostBurrowed/VoidRay,1,1.0
Adept/ThorAP vs Baneling/Roach,1,1.0
Battlecruiser/Liberator vs Lurker/Phoenix,1,1.0
Infestor/Tempest vs Mothership/Mutalisk,1,1.0
DarkTemplar/Infestor vs Mutalisk/Zealot,1,1.0
Archon/Marine vs HighTemplar/Phoenix,1,1.0
Banshee/SwarmHostBurrowed vs Marine/Stalker,1,1.0
Archon/SiegeTank vs HighTemplar/VoidRay,1,1.0
Carrier/Marauder vs Colossus/Marine,1,1.0
Baneling/ThorAP vs BroodLord/Queen,1,1.0
Archon/Ghost vs Battlecruiser/SiegeTankSieged,1,1.0
Adept/Raven vs Cyclone/SwarmHostBurrowed,1,1.0
Cyclone/Raven vs LurkerBurrowed/Phoenix,1,1.0
Baneling/Cyclone vs Marine/Ravager,1,1.0
Battlecruiser/Ravager vs Hellion/Mothership,1,1.0
DarkTemplar/Infestor vs Marauder/Queen,1,1.0
Corruptor/Zergling vs Raven/WidowMineBurrowed,1,1.0
Immortal/Queen vs ThorAP/VoidRay,1,1.0
Baneling/Stalker vs Marauder/Ultralisk,1,1.0
Banshee/VikingAssault vs Marine/Roach,1,1.0
